{
  "enter_q50_min": 0.00025331770221551753,
  "enter_q10_min": -0.004018053559270753,
  "enter_tp_sl_ratio": 3.216014645850589,
  "exit_q50_below": 8.347344883441802e-05,
  "exit_p_sl_max": 0.4981930427568836,
  "cooldown_bars": 1,
  "ood_thr": 33.13433300157298
}