{
  "enter_q50_min": 0.00036575972542517203,
  "enter_q10_min": -0.0016810556934272088,
  "enter_tp_sl_ratio": 3.4994957152528285,
  "exit_q50_below": -0.00010522581106617811,
  "exit_p_sl_max": 0.31697733167603376,
  "cooldown_bars": 2,
  "ood_thr": 50.09014097111564
}