{
  "enter_q50_min": 0.0010081238629379128,
  "enter_q10_min": -0.0023823185593570464,
  "enter_tp_sl_ratio": 2.672252773983282,
  "exit_q50_below": 0.0004252461572760034,
  "exit_p_sl_max": 0.5053583296594354,
  "cooldown_bars": 2,
  "ood_thr": 70.51632691284387
}